{
  "description": "",
  "root": "callFunctionParseUploadedFile",
  "actions": {
    "callFunctionParseUploadedFile": {
      "module": "vb/action/builtin/callModuleFunctionAction",
      "parameters": {
        "module": "[[ $application.functions ]]",
        "functionName": "parseUploadedFile",
        "params": [
          "{{ $variables.files[0] }}"
        ]
      },
      "outcomes": {
        "success": "callFunctionGetFileName"
      }
    },
    "assignVariablesDocumentHASH": {
      "module": "vb/action/builtin/assignVariablesAction",
      "parameters": {
        "$page.variables.documentHASH": {
          "source": "{{ $chain.results.callFunctionParseUploadedFile + \"\" }}"
        },
        "$page.variables.fileName": {
          "source": "{{ $chain.results.callFunctionGetFileName }}"
        },
        "$page.variables.fileContent": {
          "source": "{{ $chain.results.callFunctionGetFile }}"
        },
        "$page.variables.fileType": {
          "source": "{{ $chain.results.callFunctionGetFileType }}"
        },
        "$page.variables.documentURL": {
          "source": "{{ $page.variables.fileName + \" (\" + $page.variables.fileType + \")\" }}"
        }
      }
    },
    "callFunctionGetFileName": {
      "module": "vb/action/builtin/callModuleFunctionAction",
      "parameters": {
        "module": "[[ $functions ]]",
        "functionName": "getFileName",
        "params": [
          "{{ $variables.files[0] }}"
        ]
      },
      "outcomes": {
        "success": "callFunctionGetFileType"
      }
    },
    "callFunctionGetFileType": {
      "module": "vb/action/builtin/callModuleFunctionAction",
      "parameters": {
        "module": "[[ $functions ]]",
        "functionName": "getFileType",
        "params": [
          "{{ $variables.files[0] }}"
        ]
      },
      "outcomes": {
        "success": "callFunctionGetFile"
      }
    },
    "callFunctionGetFile": {
      "module": "vb/action/builtin/callModuleFunctionAction",
      "parameters": {
        "module": "[[ $functions ]]",
        "functionName": "getFile",
        "params": [
          "{{ $variables.files[0] }}"
        ]
      },
      "outcomes": {
        "success": "assignVariablesDocumentHASH"
      }
    }
  },
  "variables": {
    "files": {
      "required": true,
      "type": "object[]",
      "input": "fromCaller"
    }
  }
}