{
  "root": "callFunctionBcQuery",
  "description": "",
  "variables": {
    "body": {
      "type": "any"
    }
  },
  "actions": {

    "callFunctionBcQuery": {
      "module": "vb/action/builtin/callModuleFunctionAction",
      "parameters": {
        "module": "[[ $application.functions ]]",
        "functionName": "bcQuery",
        "params": [
          "{{ $application.variables.bcEndpoint }}",
          "{{ $application.variables.selectedUser }}",
          "{{ $application.variables.selectedPassword }}",
          "{{ $application.variables.channel }}",
          "{{ $application.variables.chaincode }}",
          "getTokenById",
          "{{ [ $page.variables.envelopeId ] }}"
        ]
      },
      "outcomes": {
        "success": "assignVariablesCurrentEnvelope"
      }
    },
    "assignVariablesCurrentEnvelope": {
      "module": "vb/action/builtin/assignVariablesAction",
      "parameters": {
        "$page.variables.currentEnvelope": {
          "source": {
            "valueJson": "{{ $chain.results.callFunctionBcQuery.body.result.payload }}"
          },
          "reset": "none",
          "auto": "always"
        }
      }
    }
  }
}