{
    "openapi": "3.0.0",
    "info": {
        "title": "fileUpload",
        "version": "1.0.0"
    },
    "servers": [
        {
            "url": "https://objectstorage.eu-frankfurt-1.oraclecloud.com/n/wedoinfra/b/cms-bucket",
            "description": "uploadFile",
            "x-vb": {
                "authentication": {
                    "authenticated": {
                        "type": "http_signature_oci",
                        "credentials": "vb_9a618124-4b4c-45f0-9371-c561d70981f4"
                    }
                }
            }
        }
    ],
    "paths": {
        "/o/{objectName}": {
            "parameters": [
                {
                    "name": "objectName",
                    "in": "path",
                    "required": true,
                    "schema": {
                        "type": "string"
                    }
                }
            ],
            "put": {
                "operationId": "putFileUpload",
                "requestBody": {
                    "content": {
                        "application/octet-stream": {
                            "schema": {
                                "$ref": "#/components/schemas/PutOObjectNameRequest"
                            }
                        }
                    }
                },
                "responses": {},
                "x-vb": {
                    "headers": {},
                    "actionHint": "create"
                }
            },
            "get": {
                "operationId": "getOObjectName",
                "responses": {
                    "default": {
                        "description": "Default response",
                        "content": {
                            "application/json": {
                                "schema": {
                                    "$ref": "#/components/schemas/GetOObjectName"
                                },
                                "examples": {
                                    "vb": {
                                        "externalValue": "./examples/getOObjectName/response_default_application_json_vb.json"
                                    }
                                }
                            },
                            "application/x-www-form-urlencoded": {}
                        }
                    }
                },
                "x-vb": {
                    "actionHint": "getOne",
                    "queryParameters": {
                        "httpResponseContentType": "application/pdf"
                    }
                },
                "parameters": [
                    {
                        "name": "httpResponseContentType",
                        "in": "query",
                        "schema": {
                            "type": "string"
                        },
                        "x-vb": {
                            "defaultValue": "application/pdf"
                        },
                        "required": true
                    }
                ]
            }
        }
    },
    "components": {
        "schemas": {
            "PutOObjectNameRequest": {
                "type": "string",
                "format": "binary"
            },
            "GetOObjectName": {
                "type": "object",
                "properties": {
                    "ETag": {
                        "type": "string"
                    },
                    "MD5": {
                        "type": "string"
                    },
                    "Size": {
                        "type": "string"
                    },
                    "Trace ID": {
                        "type": "string"
                    }
                }
            }
        }
    }
}