{
  "root": "if",
  "description": "",
  "variables": {},
  "actions": {
    "if": {
      "module": "vb/action/builtin/ifAction",
      "parameters": {
        "condition": "[[ $application.variables.selectedUser != \"\" && $application.variables.selectedUser != null ]]"
      },
      "outcomes": {
        "true": "callChainSearchOperations"
      }
    },
    "callChainSearchOperations": {
      "module": "vb/action/builtin/callChainAction",
      "parameters": {
        "id": "SearchOperations"
      }
    }
  }
}