{
  "variables": {
    "envelopeId": {
      "type": "string",
      "input": "fromCaller",
      "defaultValue": ""
    },
    "rowData": {
      "type": "any",
      "input": "fromCaller"
    },
    "rowKey": {
      "type": "any",
      "input": "fromCaller"
    }
  },
  "root": "assignVariable",
  "actions": {
    "assignVariable": {
      "module": "vb/action/builtin/assignVariablesAction",
      "parameters": {
        "$page.variables.oj_table_1814802854_1SelectedId": {
          "source": "[[ $variables.envelopeId ]]"
        },
        "$page.variables.selectedRow": {
          "source": {
            "valueJson": "{{ $variables.rowData.valueJson }}",
            "key": "{{ $variables.rowKey }}"
          },
          "reset": "none",
          "auto": "always"
        }
      }
    }
  }
}