{
  "description": "",
  "root": "callFunctionBcTx",
  "actions": {

    "callFunctionHideDialogChangeOfCustody": {
      "module": "vb/action/builtin/callModuleFunctionAction",
      "parameters": {
        "module": "[[ $functions ]]",
        "functionName": "hideDialogChangeOfCustody"
      },
      "outcomes": {
        "success": "fireNotification3"
      }
    },
    "fireNotification3": {
      "module": "vb/action/builtin/fireNotificationEventAction",
      "parameters": {
        "target": "leaf",
        "type": "confirmation",
        "summary": "\"Envelope Transferred\"",
        "message": "[[ $variables.tmpStr1 ]]"
      },
      "outcomes": {
        "success": "callChainSearchOperations"
      }
    },
    "callChainSearchOperations": {
      "module": "vb/action/builtin/callChainAction",
      "parameters": {
        "id": "SearchOperations"
      }
    },
    "callFunctionBcTx": {
      "module": "vb/action/builtin/callModuleFunctionAction",
      "parameters": {
        "module": "[[ $application.functions ]]",
        "functionName": "bcTx",
        "params": [
          "{{ $application.variables.bcEndpoint }}",
          "{{ $application.variables.selectedUser }}",
          "{{ $application.variables.selectedPassword }}",
          "{{ $application.variables.channel }}",
          "{{ $application.variables.chaincode }}",
          "safeTransferFrom",
          "{{ [ $application.variables.bcInstance, \n  $application.variables.selectedUser, \n  $application.variables.bcInstance, \n  $page.variables.transferTo, \n  $page.variables.selectedRow.valueJson.tokenId\n] }}"
        ]
      },
      "outcomes": {
        "success": "assignVariablesTmpStr14"
      }
    },
    "assignVariablesTmpStr14": {
      "module": "vb/action/builtin/assignVariablesAction",
      "parameters": {
        "$variables.tmpStr1": {
          "source": "{{ $chain.results.callFunctionBcTx.body.result.payload.msg }}"
        }
      },
      "outcomes": {
        "success": "callFunctionHideDialogChangeOfCustody"
      }
    }
  },
  "variables": {
    "tmpStr1": {
      "type": "string"
    }
  }
}