{
  "title": "Login Page",
  "description": "",
  "variables": {
    "destination": {
      "type": "string"
    },
    "locations": {
      "type": "object[]",
      "defaultValue": [
        {
          "label": "Expedient Manager",
          "value": "manager"
        },
        {
          "label": "Document Reviewer",
          "value": "reviewer"
        }
      ]
    },
    "pass": {
      "type": "string"
    },
    "user": {
      "type": "string"
    },    
    "user2": {
      "type": "string"
    }
  },
  "metadata": {},
  "types": {},
  "eventListeners": {
    "buttonAction": {
      "chains": [
        {
          "chainId": "ButtonActionChain"
        }
      ]
    },
    "selectValue": {
      "chains": [
        {
          "chainId": "SelectValueChangeChain",
          "parameters": {
            "value": "{{ $event.detail.value }}"
          }
        }
      ]
    },
    "toggleDrawer": {
      "chains": [
        {
          "chainId": "application:toggleDrawerHandler"
        }
      ]
    }

  },
  "imports": {
    "components": {
      "oj-button": {
        "path": "ojs/ojbutton"
      },
      "oj-input-password": {
        "path": "ojs/ojinputtext"
      },
      "oj-input-text": {
        "path": "ojs/ojinputtext"
      },
      "oj-label": {
        "path": "ojs/ojlabel"
      },
      "oj-select-one": {
        "path": "ojs/ojselectcombobox"
      },
      "oj-select-single": {
        "path": "ojs/ojselectsingle"
      }
    }
  }
}