{
  "root": "navigateToEnvelopesReviewDetails",
  "variables": {
    "exportersId": {
      "type": "string",
      "input": "fromCaller",
      "required": true
    }
  },
  "actions": {
    "navigateToEnvelopesReviewDetails": {
      "module": "vb/action/builtin/navigateAction",
      "parameters": {
        "page": "envelopes-review-details",
        "params": {
          "envelopeId": "{{ $page.variables.oj_table_1814802854_1SelectedId }}",
          "selectedUserID": "{{ $page.variables.oj_table_1814802854_SelectedUser }}"
        }
      }
    }
  }
}