{
  "variables": {
    "envelopeId": {
      "type": "string",
      "input": "fromCaller",
      "defaultValue": ""
    },
    "selectedRow": {
      "type": "object",
      "input": "fromCaller"
    }
  },
  "root": "assignVariable",
  "actions": {
    "assignVariable": {
      "module": "vb/action/builtin/assignVariablesAction",
      "parameters": {
        "$page.variables.oj_table_1814802854_1SelectedId": {
          "source": "[[ $variables.envelopeId ]]"
        },
        "$page.variables.oj_table_1814802854_SelectedUser": {
          "source": "{{ $variables.selectedRow.valueJson.owner }}"
        }
      }
    }
  }
}