{
  "description": "",
  "root": "assignVariablesSelectedUserPassword",
  "actions": {

    "ifDestination": {
      "module": "vb/action/builtin/ifAction",
      "parameters": {
        "condition": "[[ $page.variables.destination == \"transfer\" ]]"
      },
      "outcomes": {
        "true": "navigateToEnvelopesEnvelopesTransfer",
        "false": "ifDestination3"
      }
    },
    "navigateToEnvelopesEnvelopesTransfer": {
      "module": "vb/action/builtin/navigateAction",
      "parameters": {
        "target": "parent",
        "flow": "envelopes",
        "page": "envelopes-transfer"
      },
      "@dt": {
        "targetType": "flow"
      }
    },
    "navigateToEnvelopesEnvelopesDocsMain": {
      "module": "vb/action/builtin/navigateAction",
      "parameters": {
        "target": "parent",
        "flow": "envelopes",
        "page": "envelopes-docs-main"
      },
      "@dt": {
        "targetType": "flow"
      }
    },
    "navigateToEnvelopesEnvelopesReviewMain": {
      "module": "vb/action/builtin/navigateAction",
      "parameters": {
        "target": "parent",
        "flow": "envelopes",
        "page": "envelopes-review-main",
        "params": {
          "selectedUser": "{{ $page.variables.user2 }}"
        }
      },
      "@dt": {
        "targetType": "flow"
      }
    },
    "ifDestination3": {
      "module": "vb/action/builtin/ifAction",
      "parameters": {
        "condition": "[[ $page.variables.destination == \"manager\" ]]"
      },
      "outcomes": {
        "true": "navigateToEnvelopesEnvelopesDocsMain",
        "false": "navigateToEnvelopesEnvelopesReviewMain"
      }
    },
    "assignVariablesSelectedUserPassword": {
      "module": "vb/action/builtin/assignVariablesAction",
      "parameters": {
        "$application.variables.selectedPassword": {
          "source": "{{ $page.variables.pass }}"
        },
        "$application.variables.selectedUser": {
          "source": "{{ $page.variables.user2 }}"
        }
      },
      "outcomes": {
        "success": "ifDestination"
      }
    }
  },
  "variables": {}
}