{
  "description": "",
  "root": "callFunctionGetFileName",
  "actions": {
    "fireNotification": {
      "module": "vb/action/builtin/fireNotificationEventAction",
      "parameters": {
        "target": "leaf",
        "summary": "[[ $chain.results.callRestGetOObjectName.message.summary ]]",
        "type": "error",
        "displayMode": "persist",
        "message": "Document not Found!"
      }
    },
    "callFunctionGetFileName": {
      "module": "vb/action/builtin/callModuleFunctionAction",
      "parameters": {
        "module": "[[ $functions ]]",
        "functionName": "getFileName",
        "params": [
          "{{ $page.variables.envelopeId + \"-\" + $page.variables.selectedRow.docURL }}"
        ]
      },
      "outcomes": {
        "success": "callFunctionGetFileType"
      }
    },
    "callFunctionGetFileType": {
      "module": "vb/action/builtin/callModuleFunctionAction",
      "parameters": {
        "module": "[[ $functions ]]",
        "functionName": "getFileType",
        "params": [
          "{{ $page.variables.selectedRow.docURL }}"
        ]
      },
      "outcomes": {
        "success": "callRestGetOObjectName"
      }
    },
    "callRestGetOObjectName": {
      "module": "vb/action/builtin/restAction",
      "parameters": {
        "endpoint": "fileUpload/getOObjectName",
        "uriParams": {
          "objectName": "{{ $chain.results.callFunctionGetFileName }}",
          "httpResponseContentType": "{{ \"application/octet-stream\" }}"
        }
      },
      "outcomes": {
        "failure": "fireNotification",
        "success": "callFunctionRecalculateHash"
      }
    },
    "callFunctionDownloadFile": {
      "module": "vb/action/builtin/callModuleFunctionAction",
      "parameters": {
        "module": "[[ $functions ]]",
        "functionName": "downloadFile",
        "params": [
          "{{ $chain.results.callRestGetOObjectName.body }}",
          "\"application/pdf\"",
          "{{ $chain.results.callFunctionGetFileName }}"
        ]
      }
    },
    "callFunctionRecalculateHash": {
      "module": "vb/action/builtin/callModuleFunctionAction",
      "parameters": {
        "module": "[[ $functions ]]",
        "functionName": "recalculateHash",
        "params": [
          "{{ $chain.results.callRestGetOObjectName.body }}",
          "\"application/pdf\"",
          "{{ $chain.results.callFunctionGetFileName }}"
        ]
      },
      "outcomes": {
        "success": "ifSelectedRow"
      }
    },
    "ifSelectedRow": {
      "module": "vb/action/builtin/ifAction",
      "parameters": {
        "condition": "[[ $chain.results.callFunctionRecalculateHash === $page.variables.selectedRow.docHASH ]]"
      },
      "outcomes": {
        "true": "fireNotification2",
        "false": "fireNotification4"
      }
    },
    "fireNotification2": {
      "module": "vb/action/builtin/fireNotificationEventAction",
      "parameters": {
        "target": "leaf",
        "summary": "Document has not been tampered!",
        "message": "HASH based in downloaded document matches the HASH from document metadata stored in Blockchain.",
        "type": "info"
      },
      "outcomes": {
        "success": "callFunctionDownloadFile"
      }
    },
    "fireNotification4": {
      "module": "vb/action/builtin/fireNotificationEventAction",
      "parameters": {
        "target": "leaf",
        "summary": "Document has been modified!",
        "message": "[[ \"Current HASH = \" + $chain.results.callFunctionRecalculateHash ]]"
      },
      "outcomes": {
        "success": "callFunctionDownloadFile"
      }
    }
  },
  "variables": {}
}